{"cameraMode":{"drawMode":0,"name":"Shaded","section":"Shading Mode"},"sceneLighting":true,"audioPlay":false,"sceneViewState":{"m_AlwaysRefresh":false,"showFog":true,"showSkybox":true,"showFlares":true,"showImageEffects":true,"showParticleSystems":true,"showVisualEffectGraphs":true,"m_FxEnabled":true},"in2DMode":false,"pivot":{"x":0.29716944694519045,"y":1.2333600521087647,"z":19.441936492919923},"rotation":{"x":0.011999702081084252,"y":-0.002397865056991577,"z":0.000028826230845879763,"w":0.999926745891571},"size":8.917997360229493,"orthographic":true}